iteration,reward_mean,length_mean,games,loss
500,-1.0,2.0,8,0.0993032157421112
1000,-1.0,2.0,8,0.05097290128469467
1500,-0.88,2.12,8,0.044581763446331024
2000,-0.89,2.11,9,0.011824462562799454
