iteration,reward_mean,length_mean,games,loss
500,-0.88,2.12,8,0.026346
1000,-1.0,2.0,10,0.021944309
1500,-1.0,2.0,9,0.018588524
2000,-1.0,2.0,9,0.015958488
