iteration,reward_mean,length_mean,games,loss
500,-1.0,2.0,8,0.08790251612663269
1000,-0.62,2.38,8,0.07004127651453018
1500,-1.0,2.0,9,0.029213398694992065
2000,-1.0,2.0,8,0.01031813956797123
